<?xml version="1.0" encoding="UTF-8"?>
<beans xmlns="http://www.springframework.org/schema/beans"
	xmlns:xsi="http://www.w3.org/2001/XMLSchema-instance"
	xsi:schemaLocation="http://www.springframework.org/schema/beans https://www.springframework.org/schema/beans/spring-beans.xsd">
	
	<!-- Root Context: defines shared resources visible to all other web components -->
		<!-- db.properties 읽어오기 -->
	<bean class="org.springframework.beans.factory.config.PropertyPlaceholderConfigurer">
		<property name="location">
			<value>classpath:db.properties</value>
		</property>
	</bean>
	
	<!-- db.properties의 설정 값을 읽어서 setting -->
	<bean id="dataSource" class="org.springframework.jdbc.datasource.DriverManagerDataSource">
		<property name="driverClassName" value="${driver}" />
		<property name="url" value="${url}" />
		<property name="username" value="${user}" />
		<property name="password" value="${password}" />
	</bean>
	
	<!-- 트랙잭션 관리를 위한 빈설정 -->
	<bean id="transactionManager" class="org.springframework.jdbc.datasource.DataSourceTransactionManager">
		<property name="dataSource" ref="dataSource" />
	</bean>
	
	<!-- sqlSessionFactory -->
	<bean id="sqlSessionFactory" class="org.mybatis.spring.SqlSessionFactoryBean">
		<property name="dataSource" ref="dataSource" />
		<property name="configLocation" value="classpath:mybatis-config.xml" />
	</bean>
	<!-- sqlSession -->
	<bean id="sqlSession" class="org.mybatis.spring.SqlSessionTemplate">
		<constructor-arg index="0" name="sqlSessionFactory" ref="sqlSessionFactory" />
	</bean>
</beans>
